sku,attribute_set_code,product_type,categories,manufacturer,name,price,description,base_image,small_image,thumbnail_image,additional_images
1320,Default,simple,Default Category/Trang phục leo núi,Khác,Áo mưa đoàn loại tốt,25000,"Áo mưa đoàn bảo vệ bạn khỏi thời tiết mưa nắng thất thường trong những chuyến leo núi, đảm bảo trải nghiệm ngoài trời an toàn trong thời tiết khắc nghiệt nhất.",/1320-0.jpg,/1320-0.jpg,/1320-0.jpg,
1336,Default,simple,Default Category/Trang phục leo núi,Khác,Ủng nilon (loại mới),12000,"Ủng nilon (loại mới) giá chỉ 10k rẻ nhất tại WeTrek. Ủng bằng nilon chống nước tuyệt đối. Nhỏ gọn, tiện lợi khi đi du lịch, đi phượt. Liên hệ: 02873051988.",/1336-0.jpg,/1336-0.jpg,/1336-0.jpg,
7692,Default,simple,Default Category/Trang phục leo núi,MADE IN VIETNAM,Áo mưa balo 30 - 50L Raincover - 7692,80000,"Áo mưa balo 30 - 50L Raincover - 7692  được làm từ chất liệu 100% Polyester chống nước rất tốt, bề mặt nhẵn bóng khó bám bẩn và dễ dàng làm sạch. Phù hợp sử dụng cho Balo leo núi có thể tích từ 30-50L. Đây là phụ kiện không thể thiếu cho chiếc balo của bạn.",/7692-0.jpg,/7692-0.jpg,/7692-0.jpg,
10216-3,Default,simple,Default Category/Trang phục leo núi,GOTHIAR,Quần mau khô nữ Gothiar Quick Dry,599000,"Quần mau khô Gothiar thuận tiện cho những hoạt động như leo núi, đi bộ, lội suối, du lịch dã ngoại, hoạt động ngoài trời.",/10216-3-0.jpg,/10216-3-0.jpg,/10216-3-0.jpg,"/10216-3-2.jpg,/10216-3-3.jpg,/10216-3-4.jpg,/10216-3-5.jpg,/10216-3-6.jpg,/10216-3-7.jpg"
10206-1,Default,simple,Default Category/Trang phục leo núi,GOTHIAR,Quần mau khô nữ Gothiar - Đỏ nâu,795000,"Thiết kế họa tiết trẻ chung cùng nhiều màu sắc, đi kèm chất liệu mau khô chống thấm tốt từ Polyester, chắc chắn sẽ là sản phẩm cần thiết trong mỗi chuyến đi Outdoor Leo Núi - Dã Ngoại của bạn.",/10206-1-0.jpg,/10206-1-0.jpg,/10206-1-0.jpg,"/10206-1-2.jpg,/10206-1-3.jpg,/10206-1-4.jpg,/10206-1-5.jpg"
10772-5,Default,simple,Default Category/Trang phục leo núi,GOTHIAR,Áo thun ngắn tay nam Gothiar Classic,385000,"Áo thun ngắn tay nam Gothiar Classic được thiết kế đặc biệt để đáp ứng nhu cầu của những người yêu thích hoạt động thể thao và dã ngoại. Với chất liệu polyester chất lượng cao, thấm hút mồ hôi tốt và thoáng khí, giúp bạn thoải mái trong mọi hoạt động.",/10772-5-0.jpg,/10772-5-0.jpg,/10772-5-0.jpg,"/10772-5-1.jpg,/10772-5-2.jpg,/10772-5-3.jpg,/10772-5-4.jpg,/10772-5-5.jpg,/10772-5-6.jpg"
9869,Default,simple,Default Category/Trang phục leo núi,KTOM,Áo sơ mi dài tay mau khô nam Ktom K128,460000,Áo chống nắng KTOM được làm bằng chất liệu vải nhanh khô với công nghệ OMNI-SHADE ® cản tia UV (hay còn gọi là tia cực tím) làm cho bạn an toàn hơn khi đi ngoài trời.,/9869-0.jpg,/9869-0.jpg,/9869-0.jpg,"/9869-1.jpg,/9869-2.jpg"
10469-4,Default,simple,Default Category/Trang phục leo núi,GOTHIAR,Áo thun ngắn tay nam Gothiar AT Dry,323000,"Áo thun là một trong những loại áo thường được sử dụng trong thời trang hàng ngày. Nó có thiết kế đơn giản, dễ mặc và phù hợp với nhiều hoàn cảnh khác nhau. Với sự phát triển của công nghệ vải, chất liệu áo thun ngày càng đa dạng, tạo ra sự thoải mái và tiện ích cho người mặc.",/10469-4-0.jpg,/10469-4-0.jpg,/10469-4-0.jpg,"/10469-4-1.jpg,/10469-4-2.jpg,/10469-4-3.jpg,/10469-4-4.jpg,/10469-4-5.jpg"
10176-1,Default,simple,Default Category/Trang phục leo núi,GOTHIAR,Quần mau khô nữ Gothiar - Xanh dương,795000,"Bới thiết kế họa tiết trẻ chung cùng nhiều màu sắc, đi kèm chất liệu mau khô chống thấm tốt từ Polyester, chắc chắn sẽ là sản phẩm cần thiết trong mỗi chuyến đi Outdoor Leo Núi - Dã Ngoại của bạn.",/10176-1-0.jpg,/10176-1-0.jpg,/10176-1-0.jpg,"/10176-1-1.jpg,/10176-1-2.jpg,/10176-1-3.jpg"
10151-1,Default,simple,Default Category/Trang phục leo núi,GOTHIAR,Quần mau khô nối ống FM Gothiar Active Convertible,569000,"Tính năng nhanh khô không để lại mồ hôi, thoáng khí và rất nhẹ phù hợp với các hoạt động dã ngoại ngoài trời hay các công việc hay phải di chuyển nhiều vào thời tiết nắng nóng nhờ tới công nghệ giúp di chuyển và phát tán hơi ẩm ra khỏi cơ thể một cách nhanh nhất, giữ cho người dùng luôn thoải mái trong suốt quá trình vận động.",/10151-1-0.jpg,/10151-1-0.jpg,/10151-1-0.jpg,"/10151-1-2.jpg,/10151-1-3.jpg,/10151-1-4.jpg,/10151-1-5.jpg,/10151-1-6.jpg,/10151-1-7.jpg,/10151-1-8.jpg,/10151-1-9.jpg"
10519-1,Default,simple,Default Category/Giày leo núi,HUMTTO CHINA,Giày leo núi nữ cổ cao Humtto Hiking Shoes 290015B-1,1299000,"Đế giày leo núi nữ cổ cao Humtto Hiking Shoes 290015B-1 mềm mại và thông thoáng, độ bền cao cùng thiết kế mũi giày chống va đập, bảo vệ tránh chấn thương khi vận động.",/10519-1-0.jpg,/10519-1-0.jpg,/10519-1-0.jpg,"/10519-1-2.jpg,/10519-1-3.jpg,/10519-1-4.jpg,/10519-1-5.jpg,/10519-1-6.jpg"
10513,Default,simple,Default Category/Giày leo núi,HUMTTO CHINA,Giày leo núi nam cổ thấp Humtto Hiking Shoes 140664A-1,1199000,"Đế giày mềm mại và thông thoáng, độ bền cao cùng thiết kế mũi giày chống va đập, bảo vệ tránh chấn thương khi vận động.",/10513-0.jpg,/10513-0.jpg,/10513-0.jpg,"/10513-2.jpg,/10513-3.jpg,/10513-4.jpg,/10513-5.jpg,/10513-6.jpg,/10513-7.jpg"
10524-1,Default,simple,Default Category/Giày leo núi,HUMTTO CHINA,Giày leo núi nam cổ thấp Humtto Hiking Shoes 140121A-1,1299000,"Đế giày mềm mại và thông thoáng, độ bền cao cùng thiết kế mũi giày chống va đập, bảo vệ tránh chấn thương khi vận động.",/10524-1-0.jpg,/10524-1-0.jpg,/10524-1-0.jpg,"/10524-1-2.jpg,/10524-1-3.jpg,/10524-1-4.jpg,/10524-1-5.jpg"
10567-1,Default,simple,Default Category/Giày leo núi,HUMTTO CHINA,Giày leo núi cổ thấp Humtto Hiking Men Shoes 110609A-2,989000,"Khám phá cuộc phiêu lưu ngoại trời với giày Humtto Hiking Men Shoes 110609A-2. Thiết kế linh hoạt, chống nước mạnh mẽ, và đế êm dẻo giúp bạn tự tin vượt qua mọi địa hình. Đi bộ đường dài, leo núi, hay trekking - sự thoải mái và bảo vệ tối đa đều là của riêng bạn. Đặt hàng ngay để trải nghiệm cuộc hành trình mới với đôi giày đa dụng này",/10567-1-0.jpg,/10567-1-0.jpg,/10567-1-0.jpg,"/10567-1-2.jpg,/10567-1-3.jpg,/10567-1-4.jpg,/10567-1-5.jpg,/10567-1-6.jpg,/10567-1-7.jpg,/10567-1-8.jpg,/10567-1-9.jpg"
10516-1,Default,simple,Default Category/Giày leo núi,HUMTTO CHINA,Giày leo núi nữ cổ thấp Humtto Hiking Shoes 140503B-3,1299000,"Giày leo núi nữ cổ thấp Humtto Hiking Shoes 140503B-3 có chất liệu được làm từ da thật với độ bền cao. Đế ngoài cao su với công nghệ đế trợ lực và chống trơn trượt. Phần mũi giày thiết kế đặc biệt giúp bảo vệ các ngón chân tốt hơn, tránh bị tổn thương khi vận động. Giày phù hợp sử dụng cho các hoạt động thể thao dã ngoại ngoài trời, leo núi, đi bộ đường dài...",/10516-1-0.jpg,/10516-1-0.jpg,/10516-1-0.jpg,"/10516-1-2.jpg,/10516-1-3.jpg,/10516-1-4.jpg,/10516-1-5.jpg,/10516-1-6.jpg,/10516-1-7.jpg"
10371,Default,simple,Default Category/Giày leo núi,HUMTTO CHINA,Giày leo núi nam cổ thấp Humtto 120562A-3,1149000,"Giày leo núi cổ thấp Humtto 120562A-3 với đế giày mềm mại và thông thoáng, độ bền cao cùng thiết kế mũi giày chống va đập, bảo vệ tránh chấn thương khi vận động.",/10371-0.jpg,/10371-0.jpg,/10371-0.jpg,"/10371-1.jpg,/10371-2.jpg,/10371-3.jpg,/10371-4.jpg,/10371-5.jpg,/10371-6.jpg,/10371-7.jpg,/10371-8.jpg,/10371-9.jpg"
10515-1,Default,simple,Default Category/Giày leo núi,HUMTTO CHINA,Giày leo núi nam cổ thấp Humtto Hiking Shoes 130552A-1,1249000,"Đế giày mềm mại và thông thoáng, độ bền cao cùng thiết kế mũi giày chống va đập, bảo vệ tránh chấn thương khi vận động.",/10515-1-0.jpg,/10515-1-0.jpg,/10515-1-0.jpg,"/10515-1-2.jpg,/10515-1-3.jpg,/10515-1-4.jpg,/10515-1-5.jpg,/10515-1-6.jpg"
10526-1,Default,simple,Default Category/Giày leo núi,HUMTTO CHINA,Giày leo núi nam cổ thấp Humtto Hiking Shoes 140121A-3,1299000,"Đế giày leo núi cổ thấp Humtto Hiking Shoes 140121A-3 mềm mại và thông thoáng, độ bền cao cùng thiết kế mũi giày chống va đập, bảo vệ tránh chấn thương khi vận động.",/10526-1-0.jpg,/10526-1-0.jpg,/10526-1-0.jpg,"/10526-1-2.jpg,/10526-1-3.jpg,/10526-1-4.jpg,/10526-1-5.jpg"
10521-1,Default,simple,Default Category/Giày leo núi,HUMTTO CHINA,Giày leo núi nữ cổ thấp Humtto Hiking Shoes 140134B-2,1199000,"Giày leo núi cổ thấp nữ Humtto Hiking Shoes 140134B-2 màu đen, chống nước, kiểu dáng sneaker hiện đại với dây giày ẩn mang đến thiết kế gọn gàng và khả năng điều chỉnh vừa vặn với lòng bàn chân, mang đến sự thoải mái tối ưu. Phần mũi giày chắc chắn, chống va đập giúp bảo vệ ngón chân. Đế giày với 2 lớp: lớp lót EVA thông thoáng, hạn chế gây mùi khó chịu và phần đế từ chất liệu cao su có khả năng chịu lực lớn, độ bền cao.",/10521-1-0.jpg,/10521-1-0.jpg,/10521-1-0.jpg,"/10521-1-2.jpg,/10521-1-3.jpg,/10521-1-4.jpg,/10521-1-5.jpg,/10521-1-6.jpg,/10521-1-7.jpg"
10308-1,Default,simple,Default Category/Giày leo núi,HUMTTO CHINA,Giày leo núi nam cổ cao Humtto Trekking Sneakers 210473A-3,1399000,"Đế giày mềm mại và thông thoáng, độ bền cao cùng thiết kế mũi giày chống va đập, bảo vệ tránh chấn thương khi vận động.",/10308-1-0.jpg,/10308-1-0.jpg,/10308-1-0.jpg,"/10308-1-2.jpg,/10308-1-3.jpg,/10308-1-4.jpg,/10308-1-5.jpg"
3244,Default,simple,Default Category/Mũ leo núi,Khác,Mũ lưỡi trai cờ đỏ sao vàng,23000,"Mũ lưỡi trai Cờ Đỏ Sao Vàng giá chỉ 18K tại WeTrek mang phong cách cá tính và thể hiện lòng yêu nước ngày càng được ưu chuộng. Mũ được làm từ chất liệu vải mềm, thoáng, bền và giữ form.",/3244-0.jpg,/3244-0.jpg,/3244-0.jpg,
10529-1,Default,simple,Default Category/Mũ leo núi,Khác,Mũ rộng vành mau khô Comfort Sun Hat,200000,"Mũ rộng vành mau khô Comfort Sun Hat được làm từ chất liệu 100% Polyester, chống tia UVA, UVB bảo vệ làn da khỏi ánh nắng mặt trời. Lớp lưới dày dặn, thoáng khí và trang bị công nghệ thoát hơi nhanh giúp đầu luôn khô ráo và thoáng mát trong các hoạt động ngoài trời. Công nghệ chống tia UV (UPF 50+) ngăn chặn tác động tiêu cực của tia UV đến da và tóc, mang lại sự an tâm trong khi ra nắng. Ghé thăm để mua Mũ rộng vành mau khô Comfort Sun Hat với chất lượng và tính năng tốt nhất.",/10529-1-0.jpg,/10529-1-0.jpg,/10529-1-0.jpg,"/10529-1-2.jpg,/10529-1-3.jpg,/10529-1-4.jpg,/10529-1-5.jpg,/10529-1-6.jpg,/10529-1-7.jpg"
10197-1,Default,simple,Default Category/Mũ leo núi,KTOM,Mũ rộng vành Ktom Bucket K120,180000,"Được làm từ chất liệu 100% Polyester có khả năng chống tia UVA, UVB bảo vệ làn da của bạn khỏi ánh nắng mặt trời.Lớp lưới dày dặn, thoáng khí.",/10197-1-0.jpg,/10197-1-0.jpg,/10197-1-0.jpg,"/10197-1-1.jpg,/10197-1-2.jpg,/10197-1-3.jpg"
9877,Default,simple,Default Category/Mũ leo núi,NATUREHIKE,Mũ tai bèo chống nắng Naturehike Sun Protection NH21FS532,259000,"Được làm từ chất liệu 100% Polyester có khả năng chống tia UVA, UVB bảo vệ làn da của bạn khỏi ánh nắng mặt trời.Lớp lưới dày dặn, thoáng khí.",/9877-0.jpg,/9877-0.jpg,/9877-0.jpg,"/9877-1.jpg,/9877-2.jpg,/9877-3.jpg,/9877-4.jpg"
9878,Default,simple,Default Category/Mũ leo núi,NATUREHIKE,Mũ lưỡi trai che gáy siêu nhẹ Naturehike Double Brim NH21FS503,229000,"Với thiết kế độc đáo có thể linh hoạt tháo lắp phần che gáy giúp sản phẩm thay đổi tùy điều kiện sử dụng. Thêm nữa mũ có phần lưới giúp thoáng khí, cực kỳ thoải mái và dễ chịu khi đi treking, nhất là trong thời tiết nắng gắt.",/9878-0.jpg,/9878-0.jpg,/9878-0.jpg,"/9878-1.jpg,/9878-2.jpg,/9878-3.jpg,/9878-4.jpg,/9878-5.jpg"
9764-1,Default,simple,Default Category/Mũ leo núi,AONIJIE,Mũ lưỡi trai gấp gọn Aonijie Fast Dry Sun Protection E4107,289000,"Mũ lưỡi trai gấp gọn Aonijie Fast Dry Sun Protection E4107 nhẹ nhàng và linh hoạt, dễ dàng gấp gọn khi không sử dụng",/9764-1-0.jpg,/9764-1-0.jpg,/9764-1-0.jpg,"/9764-1-1.jpg,/9764-1-2.jpg,/9764-1-3.jpg,/9764-1-4.jpg"
10105-1,Default,simple,Default Category/Mũ leo núi,NATUREHIKE,Mũ tai bèo Naturehike Shawl Foldable NH21FS531,355000,"Dòng mũ vành rộng được làm từ 2 lớp dày dặn: Lớp ngoài là 100% Nylon mềm mại, thấm hút mồ hôi và an toàn cho da.",/10105-1-0.jpg,/10105-1-0.jpg,/10105-1-0.jpg,"/10105-1-1.jpg,/10105-1-2.jpg,/10105-1-3.jpg,/10105-1-4.jpg"
9503,Default,simple,Default Category/Mũ leo núi,BUFF,Mũ lưỡi trai Buff Visor R - Sural Multi - 9503,610000,"Mũ lưỡi trai Buff Visor R - Sural Multi - 9503 Dành cho các hoạt động thể thao ngoài trời như nón chạy bộ, nón chơi goft hay tennis, dã ngoại, chèo thuyền, chạy bộ, đạp xe hoặc chạy xe máy, bóng chuyền bãi biển...khả năng chống 98% tia UV.",/9503-0.jpg,/9503-0.jpg,/9503-0.jpg,"/9503-1.jpg,/9503-2.jpg"
10957-1,Default,simple,Default Category/Mũ leo núi,BUFF,Mũ lưỡi trai Buff 5 Panel Go Cap Domus,1069000,"Mũ lưỡi trai Buff 5 Panel Go Cap Domus chính hãng. Thiết kế nhẹ, thoáng khí, UPF 50 chống nắng, thấm hút mồ hôi. Chất liệu tái chế thân thiện môi trường. Phù hợp chạy bộ, tập luyện và sử dụng hàng ngày. Mua ngay!",/10957-1-0.jpg,/10957-1-0.jpg,/10957-1-0.jpg,"/10957-1-1.jpg,/10957-1-2.jpg,/10957-1-3.jpg,/10957-1-4.jpg"
9502,Default,simple,Default Category/Mũ leo núi,BUFF,Mũ lưỡi trai Buff Visor R - Solid Black - 9502,610000,"Mũ lưỡi trai Buff Visor R - Solid Black - 9502 Dành cho các hoạt động thể thao ngoài trời như nón chạy bộ, nón chơi goft hay tennis, dã ngoại, chèo thuyền, chạy bộ, đạp xe hoặc chạy xe máy, bóng chuyền bãi biển...khả năng chống 98% tia UV.",/9502-0.jpg,/9502-0.jpg,/9502-0.jpg,"/9502-1.jpg,/9502-2.jpg"
10941-1,Default,simple,Default Category/Tất leo núi,NA GIEAN,Tất thể thao NA GIEAN Sport Socks NGCM0002,410000,"Tất thể thao NA GIEAN Sport Socks NGCM0002 – làm từ 67,5% len Merino mềm mại, co giãn, kháng khuẩn và giữ nhiệt tốt. Phù hợp leo núi, chạy bộ, đạp xe, giúp bảo vệ đôi chân tối đa.",/10941-1-0.jpg,/10941-1-0.jpg,/10941-1-0.jpg,"/10941-1-1.jpg,/10941-1-2.jpg,/10941-1-3.jpg,/10941-1-4.jpg"
10942-1,Default,simple,Default Category/Tất leo núi,NA GIEAN,Tất thể thao NA GIEAN Sport Socks NGCM4001,450000,"Tất thể thao NA GIEAN Sport Socks NGCM4001 làm từ 62,8% len Merino mềm mại, co giãn, kháng khuẩn, thoáng khí. Phù hợp thể thao, leo núi, dã ngoại, giúp bảo vệ đôi chân tối đa.",/10942-1-0.jpg,/10942-1-0.jpg,/10942-1-0.jpg,"/10942-1-1.jpg,/10942-1-2.jpg,/10942-1-3.jpg,/10942-1-4.jpg"
TEMPSKU-1774339515,Default,simple,Default Category/Tất leo núi,AONIJIE,Tất leo núi TNF Multisport - 7830,100000,,/TEMPSKU-1774339515-0.jpg,/TEMPSKU-1774339515-0.jpg,/TEMPSKU-1774339515-0.jpg,
1038,Default,simple,Default Category/Găng tay leo núi,Khác,Găng tay gai,10000,"Găng tay gai với 100%  sợi cotton mềm mại, thoáng khí. Lòng găng tay có các hạt cao su chống trơn trượt, tăng độ bám giúp cầm, nắm chắc chắn hơn. Trong những chuyến đi phượt, dã ngoại...",/1038-0.png,/1038-0.png,/1038-0.png,
7838,Default,simple,Default Category/Găng tay leo núi,,Găng tay chống nắng Let's Slim - 7838,59000,"Găng tay chống nắng dài tay Let's Slim - 7838 chất thun thoáng mát, dài tay, chính hãng giá tốt nhất tại WETREK.VN.",/7838-0.jpg,/7838-0.jpg,/7838-0.jpg,"/7838-1.jpg,/7838-2.jpg,/7838-3.jpg"
9791-3,Default,simple,Default Category/Găng tay leo núi,NATUREHIKE,Găng tay chống thấm Naturehike Softshell NH19S005-T,240000,"Găng tay chống thấm Naturehike Softshell NH19S005-T được làm từ chất liệu Polyester, mặt ngoài trượt nước, chống thấm nước, cản gió, đi mưa bay, sương, tuyết vô cùng thoải mái, mặt trong lót nỉ êm, mềm, giúp giữ ấm cho đôi tay.",/9791-3-0.jpg,/9791-3-0.jpg,/9791-3-0.jpg,"/9791-3-1.jpg,/9791-3-2.jpg,/9791-3-3.jpg,/9791-3-4.png"
10417-1,Default,simple,Default Category/Găng tay leo núi,NATUREHIKE,Găng tay chống nắng Naturehike Arm Cover UPF 50+ NH21FS002,154000,Găng Tay Chống Nắng chất liệu thun lạnh thoáng mát có kiểu dáng thiết kế thời trang giúp bạn bảo vệ làn da trước tác động không tốt của tia UV cũng như bụi bẩn xung quanh.,/10417-1-0.jpg,/10417-1-0.jpg,/10417-1-0.jpg,"/10417-1-1.jpg,/10417-1-2.jpg,/10417-1-3.jpg,/10417-1-4.jpg"
10655-1,Default,simple,Default Category/Găng tay leo núi,GOODFIT,Găng tay thể thao Goodfit Sport Gloves GF203G,250000,"Găng tay thể thao Goodfit Sport Gloves GF203G với chất liệu nylon và polyester, lòng bàn tay với đệm Silicone tăng cường độ bám dính, không gian thoáng khí giúp thoải mái không bị bí hơi. Khóa dán chắc chắn, tháo mở nhanh và dễ thao tác.",/10655-1-0.jpg,/10655-1-0.jpg,/10655-1-0.jpg,"/10655-1-1.jpg,/10655-1-2.jpg,/10655-1-3.jpg,/10655-1-4.jpg"
1339,Default,simple,Default Category/Khăn leo núi,MADE IN VIETNAM,Khăn Rằn Nam Bộ - 1339,25000,"Khăn rằn Nam Bộ là một nét đặc trưng của người dân Nam Bộ hay cũng là một trang bị outdoor quen thuộc. Khăn rất mềm mại, thấm hút tốt và có thể dùng để che nắng, chống bụi hay như một món đồ thời trang cá tính.",/1339-0.jpg,/1339-0.jpg,/1339-0.jpg,
7715,Default,simple,Default Category/Khăn leo núi,MADE IN VIETNAM,Khăn Tubb đa năng 2 lớp AdventureFun - 7715,79000,"Khăn Tubb đa năng 2 lớp AdventureFun - 7715 là phụ kiện thời trang outdoor được dân du lịch bụi ưu chuộng với nhiều công dụng bất ngờ và màu sắc đa dạng, đẹp mắt.",/7715-0.jpg,/7715-0.jpg,/7715-0.jpg,"/7715-1.jpg,/7715-2.jpg,/7715-3.jpg,/7715-4.jpg,/7715-5.jpg,/7715-6.jpg,/7715-7.jpg"
10130-1,Default,simple,Default Category/Khăn leo núi,NATUREHIKE,Khăn mặt đa năng Naturehike NH19Y003,150000,"Khăn mặt nhanh khô với chất liệu vải thân thiện với da cùng khả năng nhanh khô cực kỳ thuận tiện khi sử dụng trong những chuyến đi biển, đi du lịch cùng gia đình.",/10130-1-0.jpg,/10130-1-0.jpg,/10130-1-0.jpg,"/10130-1-1.jpg,/10130-1-2.jpg,/10130-1-3.jpg,/10130-1-4.jpg"
10505,Default,simple,Default Category/Khăn leo núi,AONIJIE,Khăn đa năng Aonijie Coolmax E4905,150000,"Khăn đa năng Aonijie với chất liệu vải Coolmax thông thoáng, tính năng linh hoạt đáp ứng cho nhu cầu sử dụng linh hoạt trong những chuyến dã ngoại và du lịch ngoài trời.",/10505-0.jpg,/10505-0.jpg,/10505-0.jpg,"/10505-1.jpg,/10505-2.jpg,/10505-3.jpg,/10505-4.jpg,/10505-5.jpg,/10505-6.jpg,/10505-7.jpg,/10505-8.jpg"
11043-BT-1,Default,simple,Default Category/Kính leo núi,OUTDOOR ESSENTIALS,Kính thể thao mắt vuông Square Fashion Sunglasses,159000,"Kính thể thao mắt vuông Square Fashion Sunglasses chống UV400 & Phân cực. Gọng kim loại & Resin bền bỉ, đa dạng màu sắc. Phong cách thời trang, bảo vệ mắt tối ưu.",/11043-BT-1-0.jpg,/11043-BT-1-0.jpg,/11043-BT-1-0.jpg,"/11043-BT-1-1.jpg,/11043-BT-1-2.jpg,/11043-BT-1-3.jpg,/11043-BT-1-4.jpg,/11043-BT-1-5.jpg,/11043-BT-1-6.jpg"
11042-BT-1,Default,simple,Default Category/Kính leo núi,OUTDOOR ESSENTIALS,Kính râm thể thao Sports Sunglasses,159000,"Bảo vệ mắt toàn diện với Kính râm thể thao Sports Sunglasses. Chống UV400, thiết kế unisex, bền bỉ. Lý tưởng cho đạp xe, chạy bộ, và mọi hoạt động ngoài trời. Sở hữu ngay!",/11042-BT-1-0.jpg,/11042-BT-1-0.jpg,/11042-BT-1-0.jpg,"/11042-BT-1-1.jpg,/11042-BT-1-2.jpg,/11042-BT-1-3.jpg,/11042-BT-1-4.jpg,/11042-BT-1-5.jpg,/11042-BT-1-6.jpg"
10973-1,Default,simple,Default Category/Kính leo núi,TIFOSI,Kính mát thể thao Tifosi Intense Sport Sunglasses,999000,"Kính mát thể thao Tifosi Intense Sport Sunglasses với tròng polycarbonate chống vỡ, gọng TR-90 siêu bền, chống tia UV 100%. Thiết kế năng động, chống trượt, phù hợp mọi hoạt động thể thao.",/10973-1-0.jpg,/10973-1-0.jpg,/10973-1-0.jpg,"/10973-1-1.jpg,/10973-1-2.jpg,/10973-1-3.jpg,/10973-1-4.jpg"
10969,Default,simple,Default Category/Kính leo núi,TIFOSI,Kính thể thao Tifosi Crit Bike Sunglasses Matte Black,1800000,"Kính thể thao Tifosi Crit Bike Sunglasses với thiết kế khí động học, tròng kính Enliven™ tăng cường độ tương phản, gọng Grilamid TR-90 siêu nhẹ, chống tia UV, thoáng khí. Tùy chỉnh thoải mái, hiệu suất tối ưu.",/10969-0.jpg,/10969-0.jpg,/10969-0.jpg,"/10969-1.jpg,/10969-2.jpg,/10969-3.jpg"
10970,Default,simple,Default Category/Kính leo núi,TIFOSI,Kính thể thao Tifosi Crit Golf Sunglasses Emerald Green,1250000,"Kính thể thao Tifosi Crit Golf Sunglasses Emerald Green với thiết kế khí động học, tròng kính Enliven™ tăng cường độ tương phản, gọng Grilamid TR-90 siêu nhẹ, chống tia UV, thoáng khí. Tùy chỉnh thoải mái, hiệu suất tối ưu.",/10970-0.jpg,/10970-0.jpg,/10970-0.jpg,"/10970-1.jpg,/10970-2.jpg,/10970-3.jpg"
8984,Default,simple,Default Category/Kính leo núi,TIFOSI,Kính thể thao TIFOSI Alliant Race Neon - 8984,200000,"Kính thể thao TIFOSI Alliant Race Neon - 8984 được sản xuất cho người đi xe đạp, chạy bộ và vận động viên endurance với khả năng thoáng khí cùng phần đệm tai và mũi được trang bị lớp cao su ưa nước giúp tăng độ bám khi đổ mồ hôi tạo sự thoải mái và ổn định tuyệt vời.",/8984-0.jpg,/8984-0.jpg,/8984-0.jpg,"/8984-1.jpg,/8984-2.jpg,/8984-3.jpg,/8984-4.jpg"
8987,Default,simple,Default Category/Kính leo núi,TIFOSI,Kính thể thao TIFOSI Davos Matte Black - 8987,150000,"Kính thể thao TIFOSI Davos Matte Black - 8987 là sự lựa chọn hoàn hảo cho những ai tìm kiếm cặp kính mát tương xứng với đẳng cấp. Thiết kế gọng kính bán nguyên khối giúp cho Davos trở nên vượt trội hơn khi sử dụng trong chạy bộ, đạp xe và bất kỳ môn thể thao nào khác.",/8987-0.jpg,/8987-0.jpg,/8987-0.jpg,"/8987-1.jpg,/8987-2.jpg,/8987-3.jpg"
8994,Default,simple,Default Category/Kính leo núi,TIFOSI,Kính thể thao TIFOSI Podium XC Silver/Gunmetal - 8994,360000,"Kính thể thao TIFOSI Podium XC Silver/Gunmetal - 8994 với gọng kính màuđen nhàm thời trang và bộ 3 tròng kính kèm theo có thể thay đổi dễ dàng. Bộ tròng được thiết kế tối ưu cho các hoạt động như đạp xe, chạy bộ với các hoạt động cường độ cao.",/8994-0.jpg,/8994-0.jpg,/8994-0.jpg,"/8994-1.jpg,/8994-2.jpg,/8994-3.jpg"
7482,Default,simple,Default Category/Túi ngủ,RYDER,Túi ngủ Ryder Envelope Sleeping Bag D1001 Orange - 7482,659000,"Túi ngủ Ryder D1001 được dệt từ polyester 190T với các đặc tính ưu việt như dẻo dai bền sợi, trọng lượng nhẹ, chịu mài mòn tốt, chịu ít ảnh hưởng của độ ẩm.",/7482-0.jpg,/7482-0.jpg,/7482-0.jpg,"/7482-1.jpg,/7482-2.jpg,/7482-3.jpg"
9825-2,Default,simple,Default Category/Túi ngủ,NATUREHIKE,Túi ngủ Naturehike Sleeping Bag With Hood NH20MSD07,490000,"Túi ngủ Naturehike Sleeping Bag With Hood  NH20MSD07 với chất liệu vải thân thiện, tránh kích ứng da cùng với lớp bông dày đảm bảo giấc ngủ ngon của người sử dụng trong thời tiết lạnh giá.",/9825-2-0.jpg,/9825-2-0.jpg,/9825-2-0.jpg,"/9825-2-1.jpg,/9825-2-2.jpg,/9825-2-3.jpg,/9825-2-4.jpg"
7483,Default,simple,Default Category/Túi ngủ,RYDER,Túi ngủ Ryder Envelope Sleeping Bag D1002 Orange - 7483,789000,"Túi ngủ Ryder Envelope Sleeping Bag D1002 Orange- 7483 được làm từ chất liệu Polyester chống thấm nước, bền, dai, giữ nhiệt tốt hơn và dễ dàng vệ sinh.",/7483-0.jpg,/7483-0.jpg,/7483-0.jpg,"/7483-1.jpg,/7483-2.jpg,/7483-3.jpg,/7483-4.jpg"
10212,Default,simple,Default Category/Túi ngủ,NATUREHIKE,Túi ngủ siêu nhẹ Naturehike Cotton Sleeping Bag LW180 NH21MSD09,529000,Dòng túi ngủ đơn LW180 được làm lại với một nền tảng chất liệu cao cấp hơn. Cảm giác sử dụng ấm áp và êm ái hơn với chất liệu hoàn thiện từ sợi Nylon – bông lót Cotton – lớp bên trong từ Pongee.,/10212-0.jpg,/10212-0.jpg,/10212-0.jpg,"/10212-2.jpg,/10212-3.jpg,/10212-4.jpg,/10212-5.jpg"
3286,Default,simple,Default Category/Túi ngủ,RYDER,Túi ngủ mùa đông 2 lớp Ryder 2 Layers Mummy Sleeping Bag D1005 Orange - 3286,1590000,"Túi ngủ mùa đông Ryder D1005 có thiết kế dáng con nhộng với lớp ngoài chống thấm và cách nhiệt tối đa, phần lõi bông giữ nhiệt rất tốt. Phù hợp sử dụng ở những nơi có nhiệt độ thấp.",/3286-0.jpg,/3286-0.jpg,/3286-0.jpg,"/3286-1.png,/3286-2.png"
7855,Default,simple,Default Category/Túi ngủ,,Túi ngủ nỉ Northpeak Sleeping Bag - 7855,399000,"Túi ngủ nỉ Northpeak Sleeping Bag - 7855 được làm từ chất liệu nỉ mềm mịn, giữ nhiệt tốt, trọng lượng nhẹ, đi kèm túi đựng có dây xách tiện lợi.",/7855-0.jpg,/7855-0.jpg,/7855-0.jpg,
7484,Default,simple,Default Category/Túi ngủ,RYDER,Túi ngủ mùa đông 2 lớp Ryder 2 Layers Mummy Sleeping Bag D1005 Blue - 7484,1590000,"Túi ngủ mùa đông Ryder D1005 có thiết kế dáng con nhộng với lớp ngoài chống thấm và cách nhiệt tối đa, phần lõi bông giữ nhiệt rất tốt.",/7484-0.jpg,/7484-0.jpg,/7484-0.jpg,"/7484-1.jpg,/7484-2.jpg,/7484-3.jpg"
10022,Default,simple,Default Category/Túi ngủ,NATUREHIKE,Túi ngủ mũ trùm Naturehike Cotton Sleepingbag NH21MSD07,725000,"Chất liệu êm ái và thiết kế 3 lớp thoải mái nhất khi sử dụng, thuận tiện khi vệ sinh bằng máy giặt.",/10022-0.jpg,/10022-0.jpg,/10022-0.jpg,"/10022-1.jpg,/10022-2.jpg,/10022-3.jpg,/10022-4.jpg,/10022-5.jpg"
9774,Default,simple,Default Category/Túi ngủ,NATUREHIKE,Túi ngủ Naturehike Envelope Washable NH20MSD02,645000,"Túi ngủ Naturehike Envelope Washable NH20MSD02 chất liệu êm ái và thiết kế 3 lớp thoải mái nhất khi sử dụng, thuận tiện khi vệ sinh bằng máy giặt.",/9774-0.jpg,/9774-0.jpg,/9774-0.jpg,"/9774-1.jpg,/9774-2.jpg,/9774-3.jpg,/9774-4.jpg"
1210,Default,simple,Default Category/Túi ngủ,RYDER,Túi ngủ mùa đông 2 lớp Ryder 2 Layers Mummy Sleeping Bag D1006 - 1210,1690000,"Túi ngủ mùa đông Ryder là loại túi ngủ đông dáng con nhộng với lớp ngoài chống thấm và cách nhiệt tối đa, phần lõi bông giữ nhiệt rất tốt. Thiết kế rất kín nhưng vẫn có độ thông thoáng, phù hợp sử dụng ở những nơi có nhiệt độ thấp.",/1210-0.jpg,/1210-0.jpg,/1210-0.jpg,"/1210-1.jpg,/1210-2.jpg"
1986,Default,simple,Default Category/Đựng nước - Lọc nước,RYDER,Bình nước 800ml Ryder Polycarbonate Bottle N0004 - 1986,160000,Bình nước giữ nhiệt Ryder 800ml được làm từ nhựa polycarbonate đảm bảo vệ sinh và an toàn cho người sử dụng. Rất tiện dụng cho hoạt động ngoài trời và những hoạt động hàng ngày.,/1986-0.jpg,/1986-0.jpg,/1986-0.jpg,"/1986-1.jpg,/1986-2.jpg"
1987,Default,simple,Default Category/Đựng nước - Lọc nước,RYDER,Bình nước 850ml Ryder Polycarbonate Bottle N0003 - 1987,230000,Bình nước 850ml Ryder Polycarbonate Bottle N0003 - 1987 được làm từ nhựa polycarbonate đảm bảo vệ sinh và an toàn cho người sử dụng. Rất tiện dụng cho hoạt động ngoài trời và những hoạt động hàng ngày.,/1987-0.jpg,/1987-0.jpg,/1987-0.jpg,
1220,Default,simple,Default Category/Đựng nước - Lọc nước,RYDER,Can nước gấp gọn 15L Ryder PE Folding Water Carrier C4006 - 1220,995000,"Túi nước dã ngoại RyDer 15L C4006 là túi được thiết kế các nếp gấp, giúp bạn có thể gấp gọn túi sau khi sử dụng. Nắp bình được thiết kế gắn với vòi để tiện sử dụng. Bạn thoải mái mang nước để sử dụng cho chuyến đi của mình.",/1220-0.jpg,/1220-0.jpg,/1220-0.jpg,
1214,Default,simple,Default Category/Đựng nước - Lọc nước,RYDER,Can nước gấp gọn 20L Ryder PE Folding Water Carrier C4007 - 1214,225000,"Túi nước RyDer 20L C4007 được thiết kế hình hộp gấp, giúp bạn có thể gấp gọn túi sau khi sử dụng. Túi được thiết kế vòi nước ở ngay nắp túi, bạn dễ dàng sử dụng nước trong bình mà không cần dùng sức đổ.",/1214-0.jpg,/1214-0.jpg,/1214-0.jpg,"/1214-1.jpg,/1214-2.jpg"
6679,Default,simple,Default Category/Đựng nước - Lọc nước,RYDER,Xô gấp siêu nhẹ 10L Ryder 500D PVC Folding Bucket C4001 - 6679,219000,"Xô gấp siêu nhẹ 10L Ryder 500D PVC Folding Bucket C4001 - 6679 là sản phẩm đựng nước dung tích lớn, siêu nhẹ có khả năng gấp lại gọn gàng.",/6679-0.jpg,/6679-0.jpg,/6679-0.jpg,"/6679-1.jpg,/6679-2.jpg,/6679-3.jpg,/6679-4.jpg,/6679-5.jpg"
1985,Default,simple,Default Category/Đựng nước - Lọc nước,RYDER,Bình nước 500ml Ryder Polycarbonate Bottle N0001 - 1985,7200090000,"Bình nước 500ml Ryder Polycarbonate Bottle N0001 - 1985 được làm từ nhựa polycarbonate, đảm bảo vệ sinh và an toàn cho người sử dụng, rất tiện dụng cho hoạt động ngoài trời và những hoạt động hàng ngày.",/1985-0.jpg,/1985-0.jpg,/1985-0.jpg,"/1985-1.jpg,/1985-2.jpg"
1213,Default,simple,Default Category/Đựng nước - Lọc nước,RYDER,Can nước gấp gọn 10L Ryder PE Folding Water Carrier C4009 - 1213,92500185000,"Túi nước dã ngoại RyDer 10L C4009 là túi được thiết kế các nếp gấp, giúp bạn có thể gấp gọn túi sau khi sử dụng. Bạn thoải mái mang nước để sử dụng cho chuyến đi của mình và tiện dụng gấp gọn, cất giữ khi không dùng nữa.",/1213-0.jpg,/1213-0.jpg,/1213-0.jpg,"/1213-1.jpg,/1213-2.jpg"
1983,Default,simple,Default Category/Đựng nước - Lọc nước,RYDER,Vỏ cao su giữ nhiệt bình nước 600ml Ryder Water Bottle Insulated Cover N2001 - 1983,3920049000,"Vỏ cao su giữ nhiệt bình nước 600ml Ryder Water Bottle Insulated Cover N2001 - 1983 được làm từ nhựa cao cấp, chống trầy, chống bám bẩn và bền màu. Thiết kế 2 lớp và nắp xoay kín giúp giữ nhiệt các loại đồ uống của bạn lâu hơn khi đi cắm trại dã ngoại.",/1983-0.jpg,/1983-0.jpg,/1983-0.jpg,"/1983-1.jpg,/1983-2.jpg"
9772,Default,simple,Default Category/Đựng nước - Lọc nước,NATUREHIKE,Cốc siêu nhẹ Naturehike Lightweight Durable Titanium NH20CJ005,429000,"Cốc siêu nhẹ Naturehike Lightweight Durable Titanium NH20CJ005 với chất liệu titanium siêu bền là phụ kiện thích hợp trong hành trang cho những chuyến du lịch, dã ngoại",/9772-0.jpg,/9772-0.jpg,/9772-0.jpg,"/9772-1.jpg,/9772-2.jpg,/9772-3.jpg,/9772-4.jpg,/9772-5.jpg,/9772-6.jpg"
10804-1,Default,simple,Default Category/Đựng nước - Lọc nước,HYDRO FLASK,Bình nước giữ nhiệt 946ml Hydro Flask Wide Flex Cap 32 OZ W32BTS,1480000,"Bình nước giữ nhiệt 946ml Hydro Flask Wide Flex Cap 32 OZ W32BTS với nắp Flex Sip™ giữ nước nóng đến 12 giờ và lạnh đến 24 giờ. Chất liệu thép không gỉ 18/8 bền bỉ, miệng rộng cho đá viên dễ dàng, lớp phủ Color Last™ chống đọng hơi nước.",/10804-1-0.jpg,/10804-1-0.jpg,/10804-1-0.jpg,"/10804-1-2.jpg,/10804-1-3.jpg,/10804-1-4.jpg,/10804-1-5.jpg,/10804-1-6.jpg,/10804-1-7.jpg"
7692,Default,simple,Default Category/Balo - Túi,MADE IN VIETNAM,Áo mưa balo 30 - 50L Raincover - 7692,80000,"Áo mưa balo 30 - 50L Raincover - 7692  được làm từ chất liệu 100% Polyester chống nước rất tốt, bề mặt nhẵn bóng khó bám bẩn và dễ dàng làm sạch. Phù hợp sử dụng cho Balo leo núi có thể tích từ 30-50L. Đây là phụ kiện không thể thiếu cho chiếc balo của bạn.",/7692-0.jpg,/7692-0.jpg,/7692-0.jpg,
6698,Default,simple,Default Category/Balo - Túi,RYDER,Áo mưa balo 20-30L Ryder Rucksack Raincover S F1001 - 6698,143200179000,Áo mưa balo 20-30L Ryder Rucksack Raincover S F1001 - 6698 là trang bị không thể thiếu dành cho những người đam mê du lịch khi tới những nơi có khí hậu mưa và ẩm ướt.,/6698-0.jpg,/6698-0.jpg,/6698-0.jpg,"/6698-1.jpg,/6698-2.jpg,/6698-3.jpg,/6698-4.jpg"
6699,Default,simple,Default Category/Balo - Túi,RYDER,Áo mưa balo 30-50L Ryder Rucksack Raincover M F1002 - 6699,159200199000,Áo mưa balo 30-50L Ryder Rucksack Raincover M F1002 - 6699 là trang bị không thể thiếu dành cho những người đam mê du lịch khi tới những nơi có khí hậu mưa và ẩm ướt.,/6699-0.jpg,/6699-0.jpg,/6699-0.jpg,/6699-1.jpg
10045-1,Default,simple,Default Category/Balo - Túi,NATUREHIKE,Balo gấp gọn 22L Naturehike Foldtable Outdoor NH17A017,355000,"Đẹp và tiện lợi khi sử dụng, có khả năng chống thấm nước tốt, phù hợp sử dụng đi cắm trại qua đêm, dã ngoại ngoài trời, du lịch",/10045-1-0.jpg,/10045-1-0.jpg,/10045-1-0.jpg,"/10045-1-1.jpg,/10045-1-2.jpg,/10045-1-3.jpg,/10045-1-4.jpg,/10045-1-5.jpg,/10045-1-6.jpg"
10662-1,Default,simple,Default Category/Balo - Túi,SENTERLAN,Balo leo núi 25L Senterlan Speed Air S8358,855000,"Balo leo núi 25L Senterlan Speed Air S8358 được làm từ 100% polyester bền, nhẹ, chống chầy xước, thiết kế gọn nhẹ, chắc chắn là một trang bị du lịch hoàn hảo cho các chuyến đi leo núi, cắm trại dã ngoại.",/10662-1-0.jpg,/10662-1-0.jpg,/10662-1-0.jpg,"/10662-1-1.jpg,/10662-1-2.jpg,/10662-1-3.jpg,/10662-1-4.jpg"
6690,Default,simple,Default Category/Balo - Túi,RYDER,Ba lô leo núi 70+10L Ryder Backpack F0003 - 6690,19995003999000,"Ba lô leo núi 70+10L Ryder Backpack F0003 - 6690 làm từ chất liệu vải nylon độ bền cao, khung trợ lực tránh mỏi lưng, phù hợp leo núi, dã ngoại.",/6690-0.jpg,/6690-0.jpg,/6690-0.jpg,"/6690-1.jpg,/6690-2.jpg,/6690-3.jpg,/6690-4.jpg,/6690-5.jpg,/6690-6.jpg,/6690-7.jpg,/6690-8.jpg"
9256,Default,simple,Default Category/Balo - Túi,SENTERLAN,Balo leo núi Senterlan Adventure 40L S2467,1495000,"Balo leo núi Senterlan Adventure 40L S2467 chất liệu vải Polyester chống thấm tốt, khung trợ lực không gây đau mỏi lưng, thích hợp đi leo núi, dã ngoại.",/9256-0.jpg,/9256-0.jpg,/9256-0.jpg,"/9256-1.jpg,/9256-2.jpg"
10660-1,Default,simple,Default Category/Balo - Túi,SENTERLAN,Balo leo núi 35L Senterlan Adventure S2908,1495000,"Balo leo núi 35L Senterlan Adventure S2908 được thiết kế chắc chắn cùng các ngăn chứa lớn, Với chất liệu từ vải Polyester bền bỉ, vai đeo có miếng đệm thấm mồ hôi, giúp bạn sử dụng thoải mái trong thời gian dài. Phù hợp với các hoạt động du lịch, leo núi.",/10660-1-0.jpg,/10660-1-0.jpg,/10660-1-0.jpg,"/10660-1-1.jpg,/10660-1-2.jpg,/10660-1-3.jpg,/10660-1-4.jpg"
8457,Default,simple,Default Category/Balo - Túi,SENTERLAN,Balo du lịch gấp gọn 20L Senterlan S2212,465000,"Balo du lịch gấp gọn 20L Senterlan S2212 Được thiết kế với phong cách đơn giản, trẻ trung cá tính cùng khả năng gấp gọn lại khi không sử dụng, thuận lợi cất trữ cũng di chuyển sẽ là vật dụng tiện ích trong mỗi chuyến đi du lịch da ngoại.",/8457-0.jpg,/8457-0.jpg,/8457-0.jpg,
6691,Default,simple,Default Category/Balo - Túi,RYDER,Balo leo núi 65+10L Ryder Backpack F0002 - 6691,2199000,"Chất liệu vải nylon độ bền cao, khung trợ lực tránh mỏi lưng, phù hợp leo núi, dã ngoại.",/6691-0.jpg,/6691-0.jpg,/6691-0.jpg,
10040-1,Default,simple,Default Category/Gậy leo núi,NATUREHIKE,Gậy leo núi Naturehike Trekking Pole NH17D001-Z,215000,"Sử dụng gậy leo núi sẽ làm giảm trọng lực dồn vào bàn chân, chân, đầu gối và lưng bằng cách chia đều áp lực ra toàn bộ cơ thể đặc biệt là khi các bạn mang vác nặng trên lưng.",/10040-1-0.jpg,/10040-1-0.jpg,/10040-1-0.jpg,"/10040-1-1.jpg,/10040-1-2.jpg,/10040-1-3.jpg,/10040-1-4.jpg"
10509-1,Default,simple,Default Category/Gậy leo núi,GOODFIT,Gậy leo núi Goodfit GF03E,249000,"Gậy leo núi là một phụ kiện outdoor hữu dụng giúp chuyến đi du lịch, leo núi, cắm trại trở nên dễ dàng hơn và giảm thiểu các chấn thương không đáng có. Gậy leo núi được làm từ hợp kim nhôm rất nhẹ và cứng, hệ thống chống sốc an toàn cùng các đầu bám chống lún, chống trơn trượt.",/10509-1-0.jpg,/10509-1-0.jpg,/10509-1-0.jpg,"/10509-1-1.jpg,/10509-1-2.jpg,/10509-1-3.jpg"
10101,Default,simple,Default Category/Gậy leo núi,MADE IN VIETNAM,Gậy leo núi chống sốc AN anti Shock Cleye,265000,"Gậy leo núi trợ lực cực tốt đảm bảo sự an toàn và vững chãi cho từng bước trekking của bạn. Phù hợp trong các hoạt động ngoài trời, leo núi, đi bộ",/10101-0.jpg,/10101-0.jpg,/10101-0.jpg,"/10101-1.jpg,/10101-2.jpg,/10101-3.jpg,/10101-4.jpg,/10101-5.jpg,/10101-6.jpg"
1489,Default,simple,Default Category/Gậy leo núi,RYDER,Gậy leo núi 3 khúc Ryder Straight-Bar Hiking Pole G0122 - 1489,285000,"Gậy leo núi Ryder G0122 chính hãng, với hệ thống lò xo chống sốc bên trong gậy. Gậy leo núi trợ lực cực tốt đảm bảo sự an toàn và vững chãi cho từng bước trekking của bạn. Phù hợp trong các hoạt động ngoài trời, leo núi, đi bộ...",/1489-0.jpg,/1489-0.jpg,/1489-0.jpg,"/1489-1.jpg,/1489-2.jpg,/1489-3.jpg,/1489-4.jpg,/1489-5.jpg"
3293,Default,simple,Default Category/Gậy leo núi,RYDER,Gậy leo núi chống sốc Ryder Straight-Bar Hiking Pole G0001 - 3293,440000,"Gậy leo núi Ryder là một phụ kiện outdoor hữu dụng giúp chuyến đi du lịch, leo núi, cắm trại trở nên dễ dàng hơn và giảm thiểu các chấn thương không đáng có.",/3293-0.jpg,/3293-0.jpg,/3293-0.jpg,"/3293-1.jpg,/3293-2.jpg,/3293-3.jpg,/3293-4.jpg,/3293-5.jpg"
11000,Default,simple,Default Category/Gậy leo núi,CAMEL CROWN,Gậy leo núi Camel Straight Hiking Poles 2SA7D41-1,255000300000,"Gậy leo núi Camel Straight Hiking Poles 2SA7D41-1 chính hãng, thiết kế công thái học, khóa Hard Lock chắc chắn, điều chỉnh linh hoạt, giảm xóc tốt. Đồng hành an toàn trên mọi địa hình. Mua ngay!",/11000-0.jpg,/11000-0.jpg,/11000-0.jpg,"/11000-1.jpg,/11000-2.jpg,/11000-3.jpg,/11000-4.jpg,/11000-5.jpg,/11000-6.jpg"
6701,Default,simple,Default Category/Gậy leo núi,Khác,Đầu chụp gậy leo núi thay thế Ryder Trekking Pole Spare Basket G1001 - 6701,19000,Đầu chụp gậy leo núi thay thế Ryder Trekking Pole Spare Basket G1001 - 6701 là phụ kiện thay thế cho đầu gậy cũ bị hỏng hóc hay mài mòn nhiều.,/6701-0.jpg,/6701-0.jpg,/6701-0.jpg,
6702,Default,simple,Default Category/Gậy leo núi,Khác,Đầu chụp gậy leo núi thay thế Ryder Trekking Pole Spare Basket G1002 - 6702,29000,Đầu chụp gậy leo núi thay thế Ryder Trekking Pole Spare Basket G1002 - 6702 là phụ kiện thay thế cho đầu gậy cũ bị hỏng hóc hay mài mòn nhiều.,/6702-0.jpg,/6702-0.jpg,/6702-0.jpg,
1896,Default,simple,Default Category/Gậy leo núi,COLEMAN,Gậy đi rừng Coleman 802-251T,599000,"Gậy đi rừng Coleman 802-251T có hệ thống lò xo chống sốc giúp giảm trọng lực lên vai, lưng, đầu gối. Gậy đi rừng giúp chuyến đi leo núi, đi rừng, đi bộ dã ngoại trở nên dễ dàng và an toàn hơn rất nhiều.",/1896-0.jpg,/1896-0.jpg,/1896-0.jpg,
10886,Default,simple,Default Category/Gậy leo núi,COLEMAN,Gậy leo núi Coleman Treking Pole Survival 2000016535,599000,"Gậy leo núi Coleman Treking Pole Survival 2000016535 có hệ thống lò xo chống sốc giúp giảm trọng lực lên vai, lưng, đầu gối, giúp chuyến đi trở nên dễ dàng và an toàn hơn rất nhiều.",/10886-0.jpg,/10886-0.jpg,/10886-0.jpg,"/10886-1.jpg,/10886-3.jpg"
3705,Default,simple,Default Category/Dao - Dụng cụ đa năng,COLEMAN,Rìu Coleman 2000003368,539000,"Rìu Coleman 2000003368 chính hãng, giá tốt nhất tại WETREK.VN. WeTrek tự hào là nhà phân phối sản phẩm Coleman chính hãng tại Việt Nam. Hotline 02873051988.",/3705-0.jpg,/3705-0.jpg,/3705-0.jpg,
3706,Default,simple,Default Category/Dao - Dụng cụ đa năng,COLEMAN,Xẻng gập Coleman 2000003458,539000,"Xẻng gập Coleman 2000003458 chính hãng, giá tốt nhất tại WETREK.VN. WeTrek tự hào là nhà phân phối sản phẩm Coleman chính hãng tại Việt Nam. Hotline 02873051988.",/3706-0.jpg,/3706-0.jpg,/3706-0.jpg,
9131,Default,simple,Default Category/Dao - Dụng cụ đa năng,Khác,Cờ lê đa năng Strong TVL L - 9131,395000,"Chất liệu từ thép không gỉ và bao gồm nhiều chức năng đa dụng như: cờ lê, tua vít, dao, búa,...",/9131-1.jpg,/9131-1.jpg,/9131-1.jpg,"/9131-2.jpg,/9131-3.jpg"
8276,Default,simple,Default Category/Dao - Dụng cụ đa năng,NITE IZE,Dụng cụ đa năng NITE IZE DoohicKey SkullKey Tool KMTSK-11-R3 - 8276,336000,"Thiết kế theo hình dáng của một chiếc chìa khóa đi kèm nhiều công cụ hỗ trợ đơn giản, dễ dàng gắn vào móc khóa và mang theo mình đễ sử dụng trong tình huống cần thiết.",/8276-0.jpg,/8276-0.jpg,/8276-0.jpg,"/8276-1.jpg,/8276-2.jpg,/8276-3.jpg,/8276-4.jpg,/8276-5.jpg,/8276-6.jpg,/8276-7.jpg,/8276-8.jpg"
10006,Default,simple,Default Category/Dao - Dụng cụ đa năng,OPINEL,Dao gấp bỏ túi Opinel No.10 Carbon Steel,748000,"Với lưỡi dao sắc bén, thiết kế cong cực kỳ tiện cho việc cắt, gọt. Bạn đồng hành lý tưởng dành cho bạn trong các buổi cắm trại, dã ngoại, leo núi, câu cá...",/10006-0.jpg,/10006-0.jpg,/10006-0.jpg,"/10006-1.jpg,/10006-2.jpg,/10006-3.jpg,/10006-4.jpg,/10006-5.jpg"
4822,Default,simple,Default Category/Dao - Dụng cụ đa năng,Khác,Dụng cụ đa năng mini OUTDOOR-EDC Hippocampus - 4822,60000,"Dụng cụ đa năng mini OUTDOOR-EDC Hippocampus - 4822 chính hãng, đa chức năng, giá tốt chỉ có tại WETREK.VN. Giao hàng toàn quốc. LH 0912062264",/4822-0.jpg,/4822-0.jpg,/4822-0.jpg,/4822-1.jpg
1565,Default,simple,Default Category/Dao - Dụng cụ đa năng,VICTORINOX,HUY HIỆU VICTORINOX Button - Pin Black 4.1888,98000,"HUY HIỆU VICTORINOX Button - Pin Red 4.1888 được làm từ thép không rỉ, sơn tĩnh điện và có hai màu sắc Đỏ và Đen.",/1565-0.png,/1565-0.png,/1565-0.png,/1565-1.png
1919,Default,simple,Default Category/Dao - Dụng cụ đa năng,VICTORINOX,DAO DÃ NGOẠI VICTORINOX Outdoor knife 4.2253,5980000,"DAO DÃ NGOẠI VICTORINOX Outdoor knife 4.2253 có lưỡi dao dài 12cm bằng thép không gỉ. cán dao làm bằng gỗ oliu, có bao da đi kèm.",/1919-0.jpg,/1919-0.jpg,/1919-0.jpg,
3070,Default,simple,Default Category/Dao - Dụng cụ đa năng,VICTORINOX,Thẻ đa năng VICTORINOX Swisscard LITE SAPPHIRE 0.7322.T2,1590000,"Gồm 11 tools : Dũa móng tay, Tuốc nơ vít 2 cạnh, Bút bi, Lưỡi dao, Kéo nhỏ, Đèn pin LED, Nhíp nhỏ, Tuốc nơ vít 4 cạnh, Thước kẻ cm/inch, Đinh gim không gỉ, Kính lúp.",/3070-0.jpg,/3070-0.jpg,/3070-0.jpg,"/3070-1.jpg,/3070-2.jpg"
9546,Default,simple,Default Category/Dao - Dụng cụ đa năng,NATUREHIKE,Búa đóng cọc lều Naturehike Alu Hammer NH15A010 - 9546,240000,"Búa đóng và nhổ cọc lều đa năng Naturehike Aluminium Camping Hammer NH15A010-I - 9546 với thiết kế cơ động, đa năng hữu ích trong những buổi cắm trại, giúp thao tác dựng và dỡ lều trở lên nhanh chóng, đỡ tốn sức cho người sử dụng.",/9546-0.jpg,/9546-0.jpg,/9546-0.jpg,"/9546-1.jpg,/9546-2.jpg,/9546-3.jpg"
7846,Default,simple,Default Category/Đồ điện tử,,Pin sạc thay thế đèn pin siêu sáng - 7846,30000,"Pin sạc thay thế đèn pin siêu sáng - 7846 tiện lợi, linh hoạt, thời gian sử dụng dài, sẵn sàng đồng hành cùng bạn trên mọi chuyến đi.",/7846-0.jpg,/7846-0.jpg,/7846-0.jpg,/7846-1.jpg
3381,Default,simple,Default Category/Đồ điện tử,GOPRO,Pin máy quay GoPro HERO4 Rechargeable Battery AHDBT-401 - 3381,391000782000,Pin máy quay GoPro HERO4 Rechargeable Battery có dung lượng 1160mAh và dùng như một phụ kiện dự phòng cho máy quay GoPro HERO4. Pin có thể sạc lại.,/3381-0.jpg,/3381-0.jpg,/3381-0.jpg,"/3381-1.jpg,/3381-2.jpg,/3381-3.jpg,/3381-4.jpg"
7777,Default,simple,Default Category/Đồ điện tử,GOPRO,Giá gắn trước mũ bảo hiểm GoPro Helmet Front Mount,229000458000,"Giá gắn trước mũ bảo hiểm GoPro Helmet Front Mount giúp người dùng gắn máy quay GoPro Hero3+ vào phía trước của hầu hết tất cả các loại ,ặt phẳng nhằm đưa tới người sử dụng sự tiện ích nhất có thể với một thiết kế gọn gàng và chắc chắn. Giá gắn trước mũ b",/7777-0.png,/7777-0.png,/7777-0.png,"/7777-1.jpg,/7777-2.jpg,/7777-3.png,/7777-4.jpg"
8265,Default,simple,Default Category/Đồ điện tử,GOAL ZERO,Pin sạc dự phòng kèm đèn chiếu sáng Goal Zero Venture 70 Power Bank  22013 - 8265,19055003811000,"Pin sạc dự phòng kèm đèn chiếu sáng Goal Zero Venture 70 Power Bank  22013 - 8265 với dung lượng 17,700 mAh bao gồm đèn chiếu sáng và dây cáp USB hỗ trợ sạc đầy pin cho máy tính bảng hay bất cứ thiết bị nào trên những chặng đường dài, hay nhưng chuyến đi mạo hiểm.",/8265-0.jpg,/8265-0.jpg,/8265-0.jpg,"/8265-2.jpg,/8265-3.jpg"
3664,Default,simple,Default Category/Đồ điện tử,COLEMAN,Bộ pin sạc Coleman CPX6.0V - 1285193,1299000,"Bộ pin sạc Coleman CPX6.0V - 1285193 sử dụng cho các sản phẩm Coleman® CPX™ 6, dễ dàng sạc với 2 nguồn 120V và 12V, dễ dàng lắp đặt thay thế pin thông thường.",/3664-0.jpg,/3664-0.jpg,/3664-0.jpg,"/3664-1.jpg,/3664-2.jpg,/3664-3.jpg,/3664-4.jpg"
10487,Default,simple,Default Category/Đồ điện tử,,Trạm phát điện xách tay Phyeong Earth 1000W,20000000,"Trạm sạc di động Phyeong là một sản phẩm không thể thiếu trong cuộc sống hiện đại của chúng ta. Với mức tuổi thọ sử dụng cao, nó không chỉ giúp bạn tiết kiệm thời gian mà còn là một đối tác đáng tin cậy để duy trì thiết bị điện tử của bạn luôn hoạt động tốt.",/10487-0.jpg,/10487-0.jpg,/10487-0.jpg,
8262,Default,simple,Default Category/Đồ điện tử,GOAL ZERO,Pin sạc dự phòng Goal Zero Flip 30 Power Bank 21911 - 8262 Xanh lá,5640001128000,"Pin sạc dự phòng Goal Zero Flip 30 Power Bank 21911 - 8262 Xanh lá với dung lượng 7.800 mAh hỗ trợ sạc đầy pin cho máy tính bảng hay bất cứ thiết bị nào trên những chặng đường dài, hay nhưng chuyến đi mạo hiểm.",/8262-0.jpg,/8262-0.jpg,/8262-0.jpg,/8262-2.jpg
8264,Default,simple,Default Category/Đồ điện tử,GOAL ZERO,Pin sạc dự phòng Goal Zero Flip 30 Power Bank 21926 - 8264 Mận,5640001128000,"Pin sạc dự phòng Goal Zero Flip 30 Power Bank 21926 - 8264 Mận với dung lượng 7.800 mAh hỗ trợ sạc đầy pin cho máy tính bảng hay bất cứ thiết bị nào trên những chặng đường dài, hay nhưng chuyến đi mạo hiểm.",/8264-0.jpg,/8264-0.jpg,/8264-0.jpg,/8264-1.jpg
11041,Default,simple,Default Category/Đồ điện tử,FENIX,Pin sạc FENIX 18650 dung lượng 3400 mAh,450000,"Pin sạc FENIX 18650 dung lượng 3400 mAh Dung lượng cao, an toàn tuyệt đối với mạch bảo vệ đa lớp (chống đoản mạch, quá sạc/xả, quá nhiệt). Vỏ thép bền bỉ. Chính hãng Fenix, bảo hành 12 tháng. Mua ngay!",/11041-0.jpg,/11041-0.jpg,/11041-0.jpg,"/11041-1.jpg,/11041-2.jpg,/11041-3.jpg"
3278,Default,simple,Default Category/Đồ cứu sinh,RYDER,Còi Ryder Aluminium Whistle L4014 - 3278,40000,"Còi sinh tồn Ryder L4014 là phụ kiện outdoor nhỏ gọn nhưng rất quan trọng cho mỗi chuyến đi leo núi, cắm trại dã ngoại. Còi sinh tồn thường làm bằng hợp kim nhôm siêu nhẹ, tạo ra âm thanh lớn.",/3278-0.jpg,/3278-0.jpg,/3278-0.jpg,"/3278-1.jpg,/3278-2.jpg,/3278-3.jpg,/3278-4.jpg"
6728,Default,simple,Default Category/Đồ cứu sinh,RYDER,Còi cứu hộ Ryder Aluminium Emergency Whistle L4013 - 6728,59000,Còi cứu hộ Ryder Aluminium Emergency Whistle L4013 - 6728 là phụ kiện sinh tồn thiết yếu cho những chuyến đi xa tới những nơi có điều kiện địa lý phức tạp.,/6728-0.jpg,/6728-0.jpg,/6728-0.jpg,"/6728-1.jpg,/6728-2.jpg,/6728-3.jpg,/6728-4.jpg,/6728-5.jpg"
6727,Default,simple,Default Category/Đồ cứu sinh,RYDER,Còi Ryder Aluminium Whistle L0001 - 6727,19000,Còi Ryder Aluminium Whistle L0001 - 6727 là phụ kiện sinh tồn thiết yếu cho những chuyến đi xa tới những nơi có điều kiện địa lý phức tạp.,/6727-0.jpg,/6727-0.jpg,/6727-0.jpg,"/6727-1.jpg,/6727-2.jpg,/6727-3.jpg"
6776,Default,simple,Default Category/Đồ cứu sinh,RYDER,Bộ dụng cụ đánh lửa Ryder Fire Starter M2006 - 6776,99500199000,"Bộ dụng cụ đánh lửa Ryder Fire Starter M2006 - 6776 là trang bị sinh tồn tiện dụng mà những người ưa thích du lịch khám phá, dã ngoại nên mang theo bên mình.",/6776-0.jpg,/6776-0.jpg,/6776-0.jpg,/6776-1.jpg
3919,Default,simple,Default Category/Đồ cứu sinh,Khác,Vòng tay sinh tồn VN (đầu nhựa) - 3919,70000,"Vòng tay sinh tồn VN (đầu nhựa) - 3919 là trang bị outdoor nhỏ gọn, thời trang cho các chuyến dã ngoại, leo núi, cắm trại, câu cá.",/3919-0.jpg,/3919-0.jpg,/3919-0.jpg,"/3919-1.jpg,/3919-2.jpg"
6778,Default,simple,Default Category/Đồ cứu sinh,RYDER,Dụng cụ đánh lửa Ryder Fire Starter M2010 - 6778,99500199000,"Dụng cụ đánh lửa Ryder Fire Starter M2010 - 6778 là trang bị sinh tồn cực kì tiện dụng mà những người ưa thích du lịch khám phá, dã ngoại nên mang theo bên mình.",/6778-0.jpg,/6778-0.jpg,/6778-0.jpg,/6778-1.jpg
9118,Default,simple,Default Category/Đồ cứu sinh,RYDER,Khò bình gas RYDER M2002 - 9118,175000,"Phụ kiện tiện lợi để sử dụng với các loại bình gas mini. Thiết kế đơn giản dễ sử dụng, nhỏ gọn để mang theo khi cắm trại, picnic giúp nhóm lửa trại, nhóm than nướng đồ ăn...",/9118-0.jpg,/9118-0.jpg,/9118-0.jpg,"/9118-1.jpg,/9118-2.jpg,/9118-3.jpg,/9118-4.jpg"
6777,Default,simple,Default Category/Đồ cứu sinh,RYDER,Dụng cụ đánh lửa Ryder Fire Starter M2009 - 6777,99500199000,"Dụng cụ đánh lửa Ryder Fire Starter M2009 - 6777 là trang bị sinh tồn cực kì tiện dụng mà những người ưa thích du lịch khám phá, dã ngoại nên mang theo bên mình.",/6777-0.jpg,/6777-0.jpg,/6777-0.jpg,"/6777-1.jpg,/6777-2.jpg"
1064,Default,simple,Default Category/Đồ cứu sinh,Khác,Vòng tay sinh tồn đầu thép Strong Survival Bracelet Steel - 1064,85000,"Vòng tay sinh tồn đầu thép Strong Survival Bracelet Steel - 1064 là trang bị outdoor nhỏ gọn, thời trang cho các chuyến dã ngoại, leo núi, cắm trại, câu cá. Vòng tay sinh tồn được tết bằng dây dù rất bền chắc, có thể chịu được lực căng lớn.",/1064-0.jpg,/1064-0.jpg,/1064-0.jpg,"/1064-1.jpg,/1064-2.jpg,/1064-3.jpg,/1064-4.jpg,/1064-5.jpg"
4956,Default,simple,Default Category/Đồ cứu sinh,Khác,Bật lửa chống sốc Honest BCZ415-2,100000,"Bật lửa chống sốc Honest BCZ415-2 được thiết kế kiểu dáng lịch sự, bắt mắt, với tính năng chống sốc, chống gió, lửa khò cho nhiệt độ cao. Hotline: 02873051988",/4956-0.jpg,/4956-0.jpg,/4956-0.jpg,/4956-1.jpg
9645,Default,simple,Default Category/Đèn - Đèn pin,NATUREHIKE,Đèn pin đeo trán USB Naturehike Outdoor LED Headlamp NH00T002-D - 9645,490000,"Với 4 mức sáng, tùy chế độ sử dụng, thời lượng pin của đèn có thể hoạt động lên tới 25h sau mỗi lần sạc đầy.",/9645-0.jpg,/9645-0.jpg,/9645-0.jpg,"/9645-1.png,/9645-2.jpg,/9645-3.jpg,/9645-4.jpg"
6724,Default,simple,Default Category/Đèn - Đèn pin,RYDER,Đèn đeo trán 1W Ryder Headlamp K0006 - 6724,299000,"Đèn đeo trán 1W Ryder Headlamp K0006 - 6724 là phụ kiện hữu ích trong điều kiện ánh sáng tối, nhỏ gọn tiện lợi với quai đeo chắc chắn.",/6724-0.jpg,/6724-0.jpg,/6724-0.jpg,"/6724-1.jpg,/6724-2.jpg,/6724-3.jpg"
1200,Default,simple,Default Category/Đèn - Đèn pin,RYDER,Đèn cắm trại 16 LED Ryder Alloy Lantern K2002 - 1200,475000,"Đèn lều RyDer 16LED siêu sáng là loại thiết bị chiếu sáng sử dụng trong lều, trại khi bạn đi dã ngoại cùng gia đình, bạn bè, leo núi, phượt. Kích thước nhỏ gọn, nhẹ.",/1200-0.jpg,/1200-0.jpg,/1200-0.jpg,"/1200-1.jpg,/1200-2.jpg,/1200-3.jpg"
10590-1,Default,simple,Default Category/Đèn - Đèn pin,KLARUS,Đèn pin đeo đầu siêu nhẹ Klarus Lightweight Flashlight HM3,375000,"Đèn pin đeo đầu siêu nhẹ Klarus Lightweight Flashlight HM3 là sự lựa chọn hoàn hảo cho những người ưa thích sự gọn gàng cho chuyến đi của mình. Thiết kế siêu nhẹ chỉ 27g, điều chỉnh góc chiếu lên đến 180 độ, và thời lượng pin lâu dài đến 5 tiếng liên tục. Đèn còn được trang bị cổng sạc USB và đạt độ chống nước IPX5.",/10590-1-0.jpg,/10590-1-0.jpg,/10590-1-0.jpg,"/10590-1-1.jpg,/10590-1-2.jpg,/10590-1-3.jpg,/10590-1-4.jpg,/10590-1-5.jpg"
10686,Default,simple,Default Category/Đèn - Đèn pin,Khác,Đèn pin sạc cầm tay Mini High Power Flashlight 3 Led W5182,269000,"Đèn pin sạc cầm tay Mini High Power Flashlight 3 Led W5182 với 5 chế độ sáng khác nhau, công suất mạnh mẽ. Có khả năng chông nước IPX4. Thân đèn làm bằng hợp kim nhôm bền bỉ. Thiết kế nhỏ gọn. Trọng lượng chỉ 110g. Phù hợp với leo núi, cắm trại, du lịch",/10686-0.jpg,/10686-0.jpg,/10686-0.jpg,"/10686-1.jpg,/10686-2.jpg,/10686-3.jpg,/10686-4.jpg,/10686-5.jpg"
9646,Default,simple,Default Category/Đèn - Đèn pin,NATUREHIKE,Đèn treo lều chống nước pin sạc Naturehike Camp Lamp NH16D300-C - 9646,340000,"Đèn treo lều chống nước Naturehike Camp Lamp NH16D300-C - 9646  nhỏ gọn với thiết kế công suất phù hợp với lều 4 người  với 4 chế độ sáng: chiếu xa, chiếu tỏa, led đỏ, led đỏ nhấp nháy.",/9646-0.jpg,/9646-0.jpg,/9646-0.jpg,"/9646-2.jpg,/9646-3.jpg,/9646-4.jpg,/9646-5.jpg,/9646-6.jpg"
6725,Default,simple,Default Category/Đèn - Đèn pin,RYDER,Đèn đeo trán 3W Ryder Police Alloy Headlamp K0007 - 6725,239700799000,"Đèn đeo trán 3W Ryder Police Alloy Headlamp K0007 - 6725 là phụ kiện hữu ích trong điều kiện thiếu ánh sáng, nhỏ gọn tiện lợi với quai đeo chắc chắn.",/6725-0.jpg,/6725-0.jpg,/6725-0.jpg,"/6725-1.jpg,/6725-2.jpg,/6725-3.jpg"
9647,Default,simple,Default Category/Đèn - Đèn pin,NATUREHIKE,Đèn treo lều chống nước pin 3A Naturehike Camp Lamp NH16D300-D - 9647,200000,"Có thể sử dụng làm đèn soi đường, đèn đọc sách, phục vụ sinh hoạt… rất phù hợp với các chuyến leo núi, cắm trại, picnic dài ngày.",/9647-0.jpg,/9647-0.jpg,/9647-0.jpg,"/9647-1.jpg,/9647-2.jpg,/9647-3.jpg,/9647-4.jpg,/9647-5.jpg,/9647-6.jpg"
10688,Default,simple,Default Category/Đèn - Đèn pin,Khác,Đèn pin cắm trại Camping Flashlight  X10 Flood Lighting,350000,"Đèn pin cắm trại Camping Flashlight X10 Flood Lighting - đèn pin đa năng, bền bỉ với thiết kế hiện đại. 5 chế độ chiếu sáng, khoảng cách chiếu xa 300-500m, chống nước IP55, sạc nhanh Type-C, pin dung lượng cao, thích hợp cho mọi hoạt động ngoài trời.",/10688-0.jpg,/10688-0.jpg,/10688-0.jpg,"/10688-1.jpg,/10688-2.jpg,/10688-3.jpg,/10688-4.jpg"
10687-1,Default,simple,Default Category/Đèn - Đèn pin,Khác,Đèn Led măng xông Retro Lamp TM-LY02,350000,"Đèn Led măng xông Retro Lamp TM-LY02 được làm theo phong cách cổ điển với ánh sáng vàng và ánh sáng trắng sang trọng. Tích hợp pin sạc 4500 mAh, sử dụng 3-8h. Thiết kế gọn nhẹ, trọng lượng chỉ 265g. Làm từ chất liệu hợp kim nhôm và ABS. Phù hợp cho các hoạt động cắm trại và tiệc dã ngoại ban đêm.",/10687-1-0.jpg,/10687-1-0.jpg,/10687-1-0.jpg,"/10687-1-1.jpg,/10687-1-2.jpg,/10687-1-3.jpg,/10687-1-4.jpg,/10687-1-5.jpg,/10687-1-6.jpg,/10687-1-7.jpg"
6771,Default,simple,Default Category/Phụ kiện Leo núi - Cắm trại,RYDER,La bàn móc khóa Ryder Camping Compass L3043 - 6771,89000,La bàn móc khóa Ryder Camping Compass L3043 - 6771 là thiết bị định hướng thiết yếu cho những chuyến đi xa được đảm bảo an toàn với nhiều công dụng hữu ích.,/6771-0.jpg,/6771-0.jpg,/6771-0.jpg,/6771-1.jpg
7845,Default,simple,Default Category/Phụ kiện Leo núi - Cắm trại,MADE IN VIETNAM,Dây phản quang - 7845,10000,"Dây phản quang với khả năng phản chiếu ánh sáng tốt, giúp đánh dấu đồ đạc, làm tín hiệu cảnh báo, định vị khi di chuyển trong đếm.",/7845-0.jpg,/7845-0.jpg,/7845-0.jpg,
6813,Default,simple,Default Category/Phụ kiện Leo núi - Cắm trại,RYDER,Cưa dây Ryder Wire Saw P0005 - 6813,129000,"Cưa dây Ryder Wire Saw P0005 - 6813 có thể sử dụng để cắt nhựa, gỗ, kim loại, băng đá. Phù hợp với nhiều hoạt động từ dã ngoại, cắm trại, chèo thuyền đến săn bắn, câu cá.",/6813-0.jpg,/6813-0.jpg,/6813-0.jpg,/6813-1.jpg
1910,Default,simple,Default Category/Phụ kiện Leo núi - Cắm trại,COLEMAN,La bàn bản đồ Coleman 2000007838,196000,"La bàn bản đồ Coleman 2000007838 là phụ kiện tối quan trọng khi đi leo núi, dã ngoại, khám phá thiên nhiên. Sản phẩm có dây đeo tiện lợi, giúp bạn luôn xác định được phương hướng, tránh bị lạc.",/1910-0.png,/1910-0.png,/1910-0.png,"/1910-1.png,/1910-2.jpg"
6757,Default,simple,Default Category/Phụ kiện Leo núi - Cắm trại,RYDER,La bàn bỏ túi Ryder Camping Compass L3006 - 6757,199000,La bàn bỏ túi Ryder Camping Compass L3006 - 6757 là thiết bị định hướng thiết yếu cho những chuyến đi xa để đảm bảo an toàn với nhiều công dụng hữu ích.,/6757-0.jpg,/6757-0.jpg,/6757-0.jpg,"/6757-1.jpg,/6757-2.jpg,/6757-3.jpg,/6757-4.jpg"
9547,Default,simple,Default Category/Phụ kiện Leo núi - Cắm trại,NATUREHIKE,Xẻng đa năng mini Naturehike Multi-Function Shovel NH20GJ001 - 9547,320000,"Xẻng đa năng mini Naturehike Multi-Function Shovel NH20GJ001 - 9547 hướng tới sự tối ưu cho khách hàng, cải tiến nhiều bộ phận, không chỉ để làm vườn mà còn rất hiệu quả khi đi du lịch, dã ngoại, cắm trại cùng bạn bè và người thân.",/9547-0.jpg,/9547-0.jpg,/9547-0.jpg,"/9547-1.jpg,/9547-2.jpg,/9547-3.jpg,/9547-4.jpg"
6769,Default,simple,Default Category/Phụ kiện Leo núi - Cắm trại,RYDER,La bàn móc khóa Ryder Camping Compass L3041 - 6769,29000,La bàn móc khóa Ryder Camping Compass L3041 - 6769 là thiết bị định hướng thiết yếu cho những chuyến đi xa được đảm bảo an toàn với nhiều công dụng hữu ích.,/6769-0.jpg,/6769-0.jpg,/6769-0.jpg,
10690,Default,simple,Default Category/Phụ kiện Leo núi - Cắm trại,Khác,La bàn bản đồ Outdoor Essential Map Compass,129000,"La bàn bản đồ Outdoor Essential Map Compass với chất liệu ABS Plastic nhẹ nhàng, kích thước nhỏ gọn 15*5*2cm. Sản phẩm đa chức năng định vị, đo lường phù hợp cho leo núi, cắm trại, đi bộ. Chất liệu trong suốt, thang đo rõ ràng, dễ sử dụng khi cần.",/10690-0.jpg,/10690-0.jpg,/10690-0.jpg,"/10690-1.jpg,/10690-2.jpg"
6720,Default,simple,Default Category/Phụ kiện Leo núi - Cắm trại,RYDER,Bao đựng đèn pin 3W Ryder Torch Polyester Pouch K3001 - 6720,49000,"Bao đựng đèn pin 3W Ryder Torch Polyester Pouch K3001 - 6720 thiết kế gọn nhẹ, là phụ kiện hữu ích cho những chuyến đi trong điều kiện thiếu ánh sáng.",/6720-0.jpg,/6720-0.jpg,/6720-0.jpg,"/6720-1.jpg,/6720-2.jpg"
10691,Default,simple,Default Category/Phụ kiện Leo núi - Cắm trại,Khác,La bàn thấu kính bỏ túi Outdoor Essential Lensatic Compass,229000,La bàn thấu kính bỏ túi Outdoor Essential Lensatic Compass là thiết bị định hướng thiết yếu cho những chuyến đi xa được đảm bảo an toàn và có thêm nhiều công dụng hữu ích khác.,/10691-0.jpg,/10691-0.jpg,/10691-0.jpg,"/10691-1.jpg,/10691-2.jpg"
7879,Default,simple,Default Category/Sức khỏe - Y tế,,Túi y tế First Aid Kit Mini - 7879,60000,"Túi y tế First Aid Kit Mini - 7879 bao gồm nhiều vật dụng cần thiết như băng, gạc, urgo, .v.v là trang bị không thể thiếu khi đi leo núi, cắm trại.",/7879-0.jpg,/7879-0.jpg,/7879-0.jpg,
3001,Default,simple,Default Category/Sức khỏe - Y tế,Khác,Túi y tế First Aid Kit - 3001,350000,"Túi y tế FIST AID KIT thiết kế mỏng, nhỏ gọn, giữ cho đồ dùng băng gạc luôn sạch sẽ, tiện để trong túi xách, ngăn ngoài balô hay vali. Mỗi người nên trang bị một túi ở nhà, trong xe máy hoặc ở văn phòng để dùng khi cần thiết.",/3001-0.jpg,/3001-0.jpg,/3001-0.jpg,"/3001-1.jpg,/3001-2.jpg,/3001-3.jpg,/3001-4.jpg"
10155-1,Default,simple,Default Category/Sức khỏe - Y tế,PARA’KITO,Vòng tay chống muỗi trẻ em PARA'KITO,429000,"Bộ sản phẩm bao gồm 2 viên chống muỗi PARA’KITO™ đi kèm vòng đeo tay, giúp bảo vệ bé khỏi muỗi liên tục trong 30 ngày. (mỗi viên Para’Kito có tác dụng trong 15 ngày)",/10155-1-0.jpg,/10155-1-0.jpg,/10155-1-0.jpg,"/10155-1-1.jpg,/10155-1-2.jpg,/10155-1-3.jpg,/10155-1-4.jpg,/10155-1-5.jpg"
7498,Default,simple,Default Category/Sức khỏe - Y tế,PARA’KITO,Vòng tay chống muỗi PARA'KITO Hawaii Graphic Band - 7498,429000,"Viên chống muỗi kèm vòng tay PARA'KITO Hawaii Band - 7498 vừa phong cách, vừa bảo vệ bạn và gia đình bạn khỏi bị muỗi đốt, tránh các bệnh do muỗi lây truyền.",/7498-0.jpg,/7498-0.jpg,/7498-0.jpg,"/7498-1.jpg,/7498-2.jpg,/7498-3.jpg"
7491,Default,simple,Default Category/Sức khỏe - Y tế,PARA’KITO,Vòng tay chống muỗi PARA'KITO Blue Band - 7491,429000,"Viên chống muỗi kèm vòng tay PARA'KITO Blue Band - 7491 vừa phong cách, vừa bảo vệ bạn và gia đình bạn khỏi bị muỗi đốt, tránh các bệnh do muỗi lây truyền.",/7491-0.jpg,/7491-0.jpg,/7491-0.jpg,"/7491-1.jpg,/7491-2.jpg,/7491-3.jpg"
7651,Default,simple,Default Category/Sức khỏe - Y tế,PARA’KITO,Móc chống muỗi PARA'KITO Grey Clip - 7651,429000,"Viên chống muỗi kèm móc cài PARA'KITO Grey Clip - 7651 có thiết kế thông minh, kiểu dáng phong cách và rất linh hoạt, bảo vệ bạn suốt cả ngày di chuyển.",/7651-0.jpg,/7651-0.jpg,/7651-0.jpg,"/7651-1.jpg,/7651-2.jpg,/7651-3.jpg"
10195,Default,simple,Default Category/Sức khỏe - Y tế,PARA’KITO,Vòng tay chống muỗi PARA'KITO Leaves Graphic,429000,"Vừa phong cách, vừa bảo vệ bạn và gia đình bạn khỏi bị muỗi đốt, tránh các bệnh do muỗi lây truyền.",/10195-0.jpg,/10195-0.jpg,/10195-0.jpg,
2083,Default,simple,Default Category/Sức khỏe - Y tế,COLEMAN,Khăn lông 2000009312,109000,"Khăn lông Coleman 2000009312 được nén nhỏ như chiếc nắp chai nhưng với một chút nước là bạn đã có một chiếc khăn mềm mại, thấm hút tốt và có thể tái sử dụng. Tiện lợi khi đi leo núi, cắm trại dã ngoại.",/2083-0.png,/2083-0.png,/2083-0.png,
7933,Default,simple,Default Category/Sức khỏe - Y tế,,Túi y tế First Aid Kit cỡ lớn - 7933,1350000,"Túi y tế First Aid Kit Mini có  thiết kế mỏng, nhỏ gọn, giữ cho đồ dùng băng gạc luôn sạch sẽ, tiện để trong túi xách, ngăn ngoài balô hay vali.",/7933-0.jpg,/7933-0.jpg,/7933-0.jpg,"/7933-1.jpg,/7933-2.jpg"
7486,Default,simple,Default Category/Sức khỏe - Y tế,PARA’KITO,Móc chống muỗi PARA'KITO Red Clip - 7486,429000,"Viên chống muỗi kèm móc cài PARA'KITO Red Clip - 7486 có thiết kế thông minh, kiểu dáng phong cách và rất linh hoạt, bảo vệ bạn suốt cả ngày di chuyển.",/7486-0.jpg,/7486-0.jpg,/7486-0.jpg,"/7486-1.jpg,/7486-2.jpg"
1320,Default,simple,Default Category/Đồ chống nước,Khác,Áo mưa đoàn loại tốt,25000,"Áo mưa đoàn bảo vệ bạn khỏi thời tiết mưa nắng thất thường trong những chuyến leo núi, đảm bảo trải nghiệm ngoài trời an toàn trong thời tiết khắc nghiệt nhất.",/1320-0.jpg,/1320-0.jpg,/1320-0.jpg,
7692,Default,simple,Default Category/Đồ chống nước,MADE IN VIETNAM,Áo mưa balo 30 - 50L Raincover - 7692,80000,"Áo mưa balo 30 - 50L Raincover - 7692  được làm từ chất liệu 100% Polyester chống nước rất tốt, bề mặt nhẵn bóng khó bám bẩn và dễ dàng làm sạch. Phù hợp sử dụng cho Balo leo núi có thể tích từ 30-50L. Đây là phụ kiện không thể thiếu cho chiếc balo của bạn.",/7692-0.jpg,/7692-0.jpg,/7692-0.jpg,
6675,Default,simple,Default Category/Đồ chống nước,RYDER,Túi khô chống nước có quai đeo 15L Ryder Ocean Bag C1006 - 6675,231200289000,Túi khô chống nước có quai đeo 15L Ryder Ocean Bag C1006 - 6675 là một trong những trang bị chống nước tuyệt vời đồng hành cùng những chuyến đi du lịch của bạn.,/6675-0.jpg,/6675-0.jpg,/6675-0.jpg,"/6675-1.jpg,/6675-2.jpg,/6675-3.jpg,/6675-4.jpg,/6675-5.jpg"
6698,Default,simple,Default Category/Đồ chống nước,RYDER,Áo mưa balo 20-30L Ryder Rucksack Raincover S F1001 - 6698,143200179000,Áo mưa balo 20-30L Ryder Rucksack Raincover S F1001 - 6698 là trang bị không thể thiếu dành cho những người đam mê du lịch khi tới những nơi có khí hậu mưa và ẩm ướt.,/6698-0.jpg,/6698-0.jpg,/6698-0.jpg,"/6698-1.jpg,/6698-2.jpg,/6698-3.jpg,/6698-4.jpg"
9596-1,Default,simple,Default Category/Đồ chống nước,NATUREHIKE,Túi khô bơm hơi kèm phao bơi Naturehike Inflatable Waterproof Swimming Bag NH17S001-G,350000,"Vừa là túi đựng đồ chống nước, vừa có thiết kế đặc biệt có thể thổi hơi vào 2 bên túi, tác dụng như một chiếc phao bơi. Cực kỳ tiện dụng khi sử dụng trong hoạt động bơi lội, tắm biển.",/9596-1-0.jpg,/9596-1-0.jpg,/9596-1-0.jpg,"/9596-1-2.jpg,/9596-1-3.jpg,/9596-1-4.jpg,/9596-1-5.jpg"
1510-1,Default,simple,Default Category/Đồ chống nước,RYDER,Túi khô chống nước có quai đeo 5L Ryder C1005 - 1510,245000,"TÚI KHÔ CHỐNG NƯỚC CÓ QUAI ĐEO RYDER C1005 được làm từ vải nhựa PVC và TPU 500D ép dẻo có khả năng chống thấm vượt trội, bề mặt trơn nhẵn dễ vệ sinh làm sạch. Có quai đeo rất tiện lợi.",/1510-1-0.png,/1510-1-0.png,/1510-1-0.png,"/1510-1-1.jpg,/1510-1-2.jpg,/1510-1-3.jpg"
6699,Default,simple,Default Category/Đồ chống nước,RYDER,Áo mưa balo 30-50L Ryder Rucksack Raincover M F1002 - 6699,159200199000,Áo mưa balo 30-50L Ryder Rucksack Raincover M F1002 - 6699 là trang bị không thể thiếu dành cho những người đam mê du lịch khi tới những nơi có khí hậu mưa và ẩm ướt.,/6699-0.jpg,/6699-0.jpg,/6699-0.jpg,/6699-1.jpg
7890-1,Default,simple,Default Category/Đồ chống nước,GIVI,Bộ quần áo đi mưa GIVI RIDER TECH RAIN SUIT RRS06 - 7890,770000,Bộ quần áo đi mưa GIVI RIDER TECH RAIN SUIT RRS06 - 7890 với thiết kế ưu việt và chất liệu cao cấp bảo vệ người dùng trong những điều kiện thời tiết mưa gió khắc nghiệt,/7890-1-0.jpg,/7890-1-0.jpg,/7890-1-0.jpg,"/7890-1-1.jpg,/7890-1-2.png"
6669,Default,simple,Default Category/Đồ chống nước,RYDER,Túi khô chống nước 20L Ryder PVC Tarpaulin Dry Bag C1003 - 6669,289000,Túi khô chống nước 20L Ryder PVC Tarpaulin Dry Bag C1003 - 6669 là trang bị chống nước cho các vật dụng cá nhân khi tham gia các hoạt động ngoài trời.,/6669-0.jpg,/6669-0.jpg,/6669-0.jpg,
1222,Default,simple,Default Category/Đồ chống nước,RYDER,Túi khô chống nước 20L Ryder Clear PVC Panel C1013 - 1222,240000,"TÚI KHÔ CHỐNG NƯỚC RYDER 20L được làm từ vải nhựa PVC và TPU 500D ép dẻo có khả năng chống thấm vượt trội, bề mặt trơn nhẵn dễ vệ sinh làm sạch. Khóa miệng thông minh khi đóng sẽ tạo  thành quai xách cho túi. Khi cần thiết có thể biến thành một chiếc phao",/1222-0.jpg,/1222-0.jpg,/1222-0.jpg,"/1222-1.jpg,/1222-2.jpg"
1320,Default,simple,Default Category/Đồ dùng chung,Khác,Áo mưa đoàn loại tốt,25000,"Áo mưa đoàn bảo vệ bạn khỏi thời tiết mưa nắng thất thường trong những chuyến leo núi, đảm bảo trải nghiệm ngoài trời an toàn trong thời tiết khắc nghiệt nhất.",/1320-0.jpg,/1320-0.jpg,/1320-0.jpg,
1038,Default,simple,Default Category/Đồ dùng chung,Khác,Găng tay gai,10000,"Găng tay gai với 100%  sợi cotton mềm mại, thoáng khí. Lòng găng tay có các hạt cao su chống trơn trượt, tăng độ bám giúp cầm, nắm chắc chắn hơn. Trong những chuyến đi phượt, dã ngoại...",/1038-0.png,/1038-0.png,/1038-0.png,
1336,Default,simple,Default Category/Đồ dùng chung,Khác,Ủng nilon (loại mới),12000,"Ủng nilon (loại mới) giá chỉ 10k rẻ nhất tại WeTrek. Ủng bằng nilon chống nước tuyệt đối. Nhỏ gọn, tiện lợi khi đi du lịch, đi phượt. Liên hệ: 02873051988.",/1336-0.jpg,/1336-0.jpg,/1336-0.jpg,
